"","wage","lwage","educ","exper","tenure","numdep","expersq","tenursq","educsqr","race","metro","marital.st","gender","business.type","job.type","log.tenure","res","region"
"1",3.1,1.131402,11,2,0,2,4,0,121,"white","rural","single","female","other","other",0,-0.18266356805059,"west"
"2",3.24,1.175573,12,22,2,3,484,4,144,"white","rural","married","female","services","servocc",1.09861228866811,-0.199844571382465,"west"
"3",3,1.098612,11,2,0,2,4,0,121,"white","suburb","single","male","trade","other",0,-0.0269600403039939,"west"
"4",6,1.791759,8,44,28,0,1936,784,64,"white","rural","married","male","other","clerocc",3.36729582998647,-0.178728769034444,"west"
"5",5.3,1.667707,12,7,2,1,49,4,144,"white","suburb","married","male","other","other",1.09861228866811,-0.0867607656688024,"west"
"6",8.75,2.169054,16,9,8,0,81,64,256,"white","rural","married","male","profserv","profocc",2.19722457733622,-0.230598615261878,"west"
"7",11.25,2.420368,18,15,7,0,225,49,324,"white","rural","single","male","trade","profocc",2.07944154167984,0.0210365079600122,"west"
"8",5,1.609438,12,5,3,0,25,9,144,"white","rural","single","female","other","profocc",1.38629436111989,-0.197515753622105,"west"
"9",3.6,1.280934,12,26,4,2,676,16,144,"white","rural","single","female","trade","profocc",1.6094379124341,-0.384977177468962,"west"
"10",18.18,2.900322,17,22,21,0,484,441,289,"white","rural","married","male","other","profocc",3.09104245335832,0.10363223747111,"west"
"11",6.25,1.832582,16,8,2,0,64,4,256,"white","rural","single","female","trade","profocc",1.09861228866811,0.0454196608767163,"west"
"12",8.13,2.095561,13,3,0,0,9,0,169,"white","rural","single","female","profserv","clerocc",0,0.678024178025197,"west"
"13",8.77,2.171337,12,15,0,2,225,0,144,"white","rural","married","male","other","other",0,0.286863215025447,"west"
"14",5.5,1.704748,12,18,3,0,324,9,144,"white","rural","single","male","other","other",1.38629436111989,-0.331871188132651,"west"
"15",22.2,3.100092,12,31,15,1,961,225,144,"white","rural","married","male","other","profocc",2.77258872223978,0.718723522864195,"west"
"16",17.33,2.852439,16,14,0,1,196,0,256,"white","rural","married","male","profserv","profocc",0,0.615335106065063,"west"
"17",7.5,2.014903,12,10,0,0,100,0,144,"white","rural","married","female","other","clerocc",0,0.351435298310935,"west"
"18",10.63,2.36368,13,16,10,0,256,100,169,"white","rural","single","female","profserv","profocc",2.39789527279837,0.366808620732191,"west"
"19",3.6,1.280934,12,13,0,3,169,0,144,"white","rural","married","female","other","other",0,-0.299523908341791,"west"
"20",4.5,1.504077,12,36,6,0,1296,36,144,"white","rural","married","female","profserv","servocc",1.94591014905531,-0.120692008228739,"west"
"21",6.88,1.928619,12,11,4,0,121,16,144,"white","rural","single","female","profserv","profocc",1.6094379124341,0.113607436445929,"west"
"22",8.48,2.13771,12,29,13,3,841,169,144,"white","rural","married","male","other","other",2.63905732961526,0.00617594557097081,"west"
"23",6.33,1.8453,16,9,9,0,81,81,256,"white","rural","single","female","other","profocc",2.30258509299405,-0.372535005153978,"west"
"25",6,1.791759,11,37,8,0,1369,64,121,"nonwhite","rural","single","female","services","other",2.19722457733622,0.390439113068438,"west"
"26",9.56,2.257588,16,3,3,1,9,9,256,"nonwhite","rural","married","male","ndurman","profocc",1.38629436111989,0.0964520846291085,"west"
"27",7.78,2.051556,16,11,10,1,121,100,256,"white","rural","married","male","trcommpu","other",2.39789527279837,-0.156996634772432,"west"
"28",12.5,2.525729,16,31,0,0,961,0,256,"white","rural","married","male","other","profocc",0,0.127052572096275,"west"
"29",12.5,2.525729,15,30,0,2,900,0,225,"white","rural","married","male","other","profocc",0,0.241686431868577,"west"
"30",3.25,1.178655,8,9,1,2,81,1,64,"white","rural","married","female","other","other",0.693147180559945,-0.296519920134802,"west"
"31",13,2.564949,14,23,5,2,529,25,196,"white","rural","married","male","profserv","profocc",1.79175946922805,0.274098873953832,"west"
"32",4.5,1.504077,14,2,5,2,4,25,196,"white","rural","single","female","trade","other",1.79175946922805,0.167216032909984,"west"
"33",9.68,2.270062,13,16,16,0,256,256,169,"white","rural","single","female","other","profocc",2.83321334405622,0.116218763205252,"west"
"34",5,1.609438,12,7,3,0,49,9,144,"white","rural","single","female","other","clerocc",1.38629436111989,-0.0838169569674111,"west"
"35",4.68,1.543298,12,3,0,0,9,0,144,"white","rural","single","female","services","clerocc",0,0.358712355427396,"west"
"36",4.27,1.451614,16,22,4,1,484,16,256,"nonwhite","rural","married","female","trade","profocc",1.6094379124341,-0.512981109744627,"west"
"37",6.15,1.816452,12,15,6,1,225,36,144,"nonwhite","rural","married","female","services","servocc",1.94591014905531,0.381592498400994,"west"
"38",3.51,1.255616,4,39,15,5,1521,225,16,"white","rural","married","male","trade","other",2.77258872223978,-0.259550210199925,"west"
"39",3,1.098612,14,3,3,0,9,9,196,"white","rural","married","female","profserv","clerocc",1.38629436111989,-0.55734031217322,"west"
"40",6.25,1.832582,12,11,0,0,121,0,144,"white","rural","single","female","profserv","clerocc",0,0.320487131603181,"west"
"41",7.81,2.055405,12,3,0,0,9,0,144,"white","rural","married","female","services","servocc",0,0.942977656119325,"west"
"42",10,2.302585,12,20,5,4,400,25,144,"nonwhite","rural","married","female","profserv","clerocc",1.79175946922805,0.619009872282337,"west"
"43",4.5,1.504077,14,16,0,1,256,0,196,"white","rural","married","female","profserv","clerocc",0,-0.200897657957168,"west"
"44",4,1.386294,11,45,12,0,2025,144,121,"white","rural","married","female","profserv","servocc",2.56494935746154,-0.0830292773933306,"west"
"45",6.38,1.853168,13,11,4,0,121,16,169,"white","rural","single","female","other","other",1.6094379124341,0.0723155461817696,"west"
"46",13.7,2.617396,15,20,13,2,400,169,225,"white","rural","married","male","profserv","profocc",2.63905732961526,0.187928728386554,"west"
"47",1.67,0.5128236,10,1,0,1,1,0,100,"white","rural","single","male","services","other",0,-0.724452002219463,"west"
"48",2.93,1.075002,12,36,2,1,1296,4,144,"white","rural","married","female","trade","profocc",1.09861228866811,-0.535436756265637,"west"
"49",3.65,1.294727,14,9,2,0,81,4,196,"white","rural","single","male","trade","profocc",1.09861228866811,-0.627478382513667,"west"
"50",2.9,1.064711,12,15,1,2,225,1,144,"white","rural","married","female","services","servocc",0.693147180559945,-0.257611041100583,"west"
"51",1.63,0.48858,12,18,0,2,324,0,144,"white","suburb","single","female","services","servocc",0,-0.533727516369156,"other"
"52",8.6,2.151762,16,3,2,0,9,4,256,"white","rural","single","female","profserv","profocc",1.09861228866811,0.343434296321166,"other"
"53",5,1.609438,12,15,5,1,225,25,144,"white","rural","married","male","trade","clerocc",1.79175946922805,-0.15136323371053,"other"
"54",6,1.791759,12,7,7,0,49,49,144,"white","rural","married","male","other","other",2.07944154167984,-0.160052267202558,"other"
"55",2.5,0.9162908,12,2,0,2,4,0,144,"white","suburb","single","male","other","other",0,-0.492139051850042,"other"
"56",3.25,1.178655,15,3,0,1,9,0,225,"white","suburb","single","male","trade","servocc",0,-0.0826655425130918,"other"
"57",3.4,1.223776,16,1,1,1,1,1,256,"white","suburb","single","female","trade","servocc",0.693147180559945,0.130358272318822,"other"
"58",10,2.302585,8,13,0,0,169,0,64,"nonwhite","rural","single","male","trade","other",0,0.973083600594129,"other"
"59",21.63,3.074081,18,8,8,0,64,64,324,"white","rural","single","female","profserv","profocc",2.19722457733622,0.894641376544521,"other"
"60",4.38,1.477049,16,7,0,0,49,0,256,"white","rural","single","male","trade","servocc",0,-0.109866961979576,"other"
"61",11.71,2.460443,13,40,20,0,1600,400,169,"white","rural","single","female","ndurman","profocc",3.04452243772342,0.576402812117201,"other"
"62",12.39,2.51689,14,42,5,0,1764,25,196,"white","rural","single","male","profserv","profocc",1.79175946922805,0.477507103013231,"other"
"63",6.25,1.832582,10,36,8,0,1296,64,100,"white","rural","single","male","trade","servocc",2.19722457733622,0.308074993893139,"other"
"64",3.71,1.311032,10,13,0,4,169,0,100,"nonwhite","rural","single","female","profserv","clerocc",0,0.0467423253887152,"other"
"65",7.78,2.051556,14,9,3,0,81,9,196,"white","rural","single","male","profserv","profocc",1.38629436111989,-0.0187815944127144,"other"
"66",19.98,2.994732,14,26,23,2,676,529,196,"white","rural","married","male","other","profocc",3.17805383034795,0.525005265746984,"other"
"67",6.25,1.832582,16,7,4,3,49,16,256,"nonwhite","rural","married","female","profserv","profocc",1.6094379124341,-0.0535305768954847,"other"
"68",10,2.302585,12,25,3,3,625,9,144,"white","rural","married","male","profserv","profocc",1.38629436111989,0.250502926351403,"other"
"69",5.71,1.742219,16,10,5,1,100,25,256,"white","rural","married","male","profserv","profocc",1.79175946922805,-0.546892289500226,"other"
"70",2,0.6931472,12,3,2,4,9,4,144,"white","rural","single","female","services","other",1.09861228866811,-0.382563902917613,"other"
"71",5.71,1.742219,16,3,0,0,9,0,256,"white","rural","single","female","trade","clerocc",0,0.374332239324636,"other"
"72",13.08,2.571084,17,17,2,3,289,4,289,"nonwhite","rural","married","male","profserv","profocc",1.09861228866811,0.265198052487802,"other"
"73",4.91,1.591274,12,17,8,2,289,64,144,"white","rural","married","male","other","other",2.19722457733622,-0.451243346961102,"other"
"74",2.91,1.068153,12,20,34,2,400,1156,144,"white","rural","married","female","services","clerocc",3.55534806148941,-0.612961916664024,"other"
"75",3.75,1.321756,12,7,0,0,49,0,144,"white","rural","married","female","construc","clerocc",0,-0.177799725827317,"other"
"76",11.9,2.476538,13,24,19,2,576,361,169,"white","rural","married","male","profserv","profocc",2.99573227355399,0.196521198253978,"other"
"77",4,1.386294,12,28,0,1,784,0,144,"white","rural","married","female","profserv","clerocc",0,-0.164354890186884,"other"
"78",3.1,1.131402,12,2,1,1,4,1,144,"white","rural","single","female","trade","clerocc",0.693147180559945,-0.00167194214674524,"other"
"79",8.45,2.134166,12,19,13,4,361,169,144,"white","rural","married","male","other","other",2.63905732961526,0.0866392049597637,"other"
"80",7.14,1.965713,18,13,0,2,169,0,324,"white","rural","married","male","profserv","profocc",0,-0.340356220852405,"other"
"81",4.5,1.504077,9,22,5,4,484,25,81,"white","rural","married","male","other","other",1.79175946922805,-0.360109696458117,"other"
"82",4.65,1.536867,16,3,1,0,9,1,256,"white","rural","single","male","ndurman","other",0.693147180559945,-0.296316898594095,"other"
"83",2.9,1.064711,10,4,0,1,16,0,100,"white","rural","single","female","profserv","servocc",0,-0.029283377632907,"other"
"84",6.67,1.89762,12,7,5,0,49,25,144,"white","rural","single","male","other","profocc",1.79175946922805,-0.180614288241127,"other"
"85",3.5,1.252763,12,6,2,1,36,4,144,"nonwhite","rural","single","female","profserv","servocc",1.09861228866811,-0.0396406204175503,"other"
"86",3.26,1.181727,12,13,3,1,169,9,144,"white","rural","married","female","trade","profocc",1.38629436111989,-0.414161192035698,"other"
"87",3.25,1.178655,12,14,0,1,196,0,144,"white","rural","married","female","profserv","clerocc",0,-0.331553599781691,"other"
"88",8,2.079442,12,14,4,1,196,16,144,"white","rural","single","female","profserv","profocc",1.6094379124341,0.315859893931333,"other"
"89",9.85,2.287472,8,40,24,2,1600,576,64,"nonwhite","rural","married","male","other","other",3.2188758248682,0.441120331499466,"other"
"90",7.5,2.014903,12,11,7,1,121,49,144,"white","rural","married","male","other","other",2.07944154167984,0.0228103548112997,"other"
"91",5.91,1.776646,12,14,6,2,196,36,144,"white","suburb","married","male","trcommpu","other",1.94591014905531,0.0589811137387675,"other"
"92",11.76,2.464704,14,40,39,0,1600,1521,196,"white","rural","married","male","trcommpu","profocc",3.68887945411394,0.172974144424761,"other"
"93",3,1.098612,12,1,0,2,1,0,144,"white","rural","single","female","trade","profocc",0,-0.073604525815106,"other"
"94",4.81,1.570697,12,2,0,0,4,0,144,"white","rural","single","female","profserv","servocc",0,0.414496705931462,"other"
"95",6.5,1.871802,12,4,1,0,16,1,144,"white","rural","single","female","profserv","profocc",0.693147180559945,0.330973893146913,"other"
"96",4,1.386294,9,19,1,1,361,1,81,"white","rural","married","female","services","servocc",0.693147180559945,0.188904831253495,"other"
"97",3.5,1.252763,13,1,0,1,1,0,169,"white","rural","single","male","ndurman","profocc",0,-0.446894572925355,"other"
"98",13.16,2.577182,12,34,22,0,1156,484,144,"white","rural","married","male","trade","profocc",3.13549421592915,0.53256612588389,"other"
"99",4.25,1.446919,14,5,2,2,25,4,196,"white","rural","married","male","trade","other",1.09861228866811,-0.135940746232588,"other"
"100",3.5,1.252763,12,3,0,0,9,0,144,"white","rural","single","male","trade","servocc",0,1.20449981939512e-05,"other"
"101",5.13,1.635106,15,6,6,0,36,36,225,"white","rural","single","female","ndurman","profocc",1.94591014905531,-0.249235525658394,"other"
"102",3.75,1.321756,12,14,0,3,196,0,144,"white","rural","married","female","services","servocc",0,0.162510392903538,"other"
"103",4.5,1.504077,12,35,12,0,1225,144,144,"white","rural","married","female","profserv","clerocc",2.56494935746154,-0.249381983272352,"other"
"104",7.63,2.032088,12,8,4,0,64,16,144,"white","rural","single","female","trcommpu","clerocc",1.6094379124341,0.493238671304337,"other"
"105",15,2.70805,14,7,7,1,49,49,196,"nonwhite","rural","married","male","other","other",2.07944154167984,0.697561504766563,"other"
"106",6.85,1.924249,15,11,3,2,121,9,225,"white","rural","married","female","profserv","profocc",1.38629436111989,0.0148579938035761,"other"
"107",13.33,2.590017,12,14,11,2,196,121,144,"white","rural","married","male","trade","profocc",2.484906649788,0.646258792031469,"other"
"108",6.67,1.89762,12,35,10,0,1225,100,144,"white","rural","single","male","other","other",2.39789527279837,-0.115264304030437,"other"
"109",2.53,0.9282193,12,46,0,0,2116,0,144,"white","rural","single","female","trade","profocc",0,-0.298292235071509,"other"
"110",9.8,2.282382,17,7,0,0,49,0,289,"white","rural","married","male","services","profocc",0,0.286297721941758,"other"
"111",3.37,1.214913,11,45,12,0,2025,144,121,"white","rural","married","male","trade","profocc",2.56494935746154,-0.538008123464483,"other"
"112",24.98,3.218076,18,29,25,0,841,625,324,"white","rural","married","male","other","profocc",3.25809653802148,0.396584491833912,"other"
"113",5.4,1.686399,12,6,3,0,36,9,144,"white","rural","married","male","services","other",1.38629436111989,0.11515573067309,"other"
"114",6.11,1.809927,14,15,0,2,225,0,196,"white","rural","married","male","trade","profocc",0,-0.0236483307809725,"other"
"115",4.2,1.435084,14,33,16,0,1089,256,196,"white","rural","married","female","profserv","profocc",2.83321334405622,-0.630792718233891,"other"
"116",3.75,1.321756,10,15,0,0,225,0,100,"white","rural","single","male","trade","other",0,-0.112884588031591,"other"
"117",3.5,1.252763,14,5,0,0,25,0,196,"white","suburb","married","female","profserv","clerocc",0,-0.0535621113055392,"south"
"118",3.64,1.291984,12,7,2,0,49,4,144,"white","rural","single","male","profserv","servocc",1.09861228866811,-0.276663380223162,"south"
"119",3.8,1.335001,15,6,1,1,36,1,225,"white","rural","married","male","trade","other",0.693147180559945,-0.266652182665235,"south"
"120",3,1.098612,8,33,12,3,1089,144,64,"white","suburb","married","female","ndurman","other",2.56494935746154,-0.223585985439321,"south"
"121",5,1.609438,16,2,1,0,4,1,256,"white","suburb","married","female","trade","profocc",0.693147180559945,0.197573731718347,"south"
"122",4.63,1.532557,14,4,0,2,16,0,196,"white","rural","married","female","profserv","servocc",0,0.272331998737572,"south"
"123",3,1.098612,15,1,0,0,1,0,225,"white","rural","single","male","trade","profocc",0,-0.504774137076519,"south"
"124",3.2,1.163151,12,29,0,1,841,0,144,"white","rural","single","female","other","clerocc",0,-0.394674005448899,"south"
"125",3.91,1.363537,18,17,3,2,289,9,324,"white","suburb","married","male","profserv","profocc",1.38629436111989,-0.910472576517278,"south"
"126",6.43,1.860975,16,17,3,2,289,9,256,"white","suburb","married","female","profserv","profocc",1.38629436111989,0.0138262795897546,"south"
"127",5.48,1.701105,10,36,3,0,1296,9,100,"white","rural","married","female","other","other",1.38629436111989,0.142360542789555,"south"
"128",1.5,0.4054651,8,31,30,0,961,900,64,"white","suburb","single","male","trade","other",3.43398720448515,-1.10596468642931,"south"
"129",2.9,1.064711,10,23,2,2,529,4,100,"white","suburb","single","female","profserv","servocc",1.09861228866811,-0.12034166243162,"south"
"130",5,1.609438,11,13,1,0,169,1,121,"white","suburb","married","male","trade","other",0.693147180559945,0.243187447066165,"south"
"131",8.92,2.188296,18,3,3,0,9,9,324,"white","rural","married","male","trade","profocc",1.38629436111989,0.11612800325487,"south"
"132",5,1.609438,15,15,0,0,225,0,225,"white","rural","single","male","trade","profocc",0,-0.235554901273045,"south"
"133",3.52,1.258461,12,48,1,0,2304,1,144,"white","suburb","married","male","profserv","other",0.693147180559945,-0.0718611841728541,"south"
"134",2.9,1.064711,11,6,0,1,36,0,121,"white","suburb","single","female","ndurman","other",0,0.0123570315522865,"south"
"135",4.5,1.504077,12,12,0,3,144,0,144,"white","rural","married","male","trade","other",0,0.0971692049153532,"south"
"136",2.25,0.8109302,12,5,0,2,25,0,144,"white","rural","single","female","trade","servocc",0,-0.123882800835241,"south"
"137",5,1.609438,14,19,5,4,361,25,196,"white","rural","married","male","trade","other",1.79175946922805,-0.114994586956128,"south"
"138",10,2.302585,16,9,3,2,81,9,256,"nonwhite","rural","married","male","other","profocc",1.38629436111989,0.0579083322927568,"south"
"139",3.75,1.321756,2,39,13,0,1521,169,4,"white","rural","married","male","profserv","servocc",2.63905732961526,-0.327996937964078,"south"
"140",10,2.302585,14,28,11,0,784,121,196,"white","rural","married","female","ndurman","profocc",2.484906649788,0.278267007094629,"south"
"141",10.95,2.393339,16,23,20,4,529,400,256,"white","rural","married","male","ndurman","profocc",3.04452243772342,0.0051169988979166,"south"
"142",7.9,2.066863,12,2,0,0,4,0,144,"white","rural","single","male","construc","other",0,0.568441774164448,"south"
"143",4.72,1.551809,12,15,1,0,225,1,144,"white","rural","single","female","other","other",0.693147180559945,-0.0199073638202854,"south"
"144",5.84,1.764731,13,5,0,1,25,0,169,"white","rural","married","female","profserv","clerocc",0,0.396777356819835,"south"
"145",3.83,1.342865,12,18,2,3,324,4,144,"white","rural","single","female","other","clerocc",1.09861228866811,-0.267508773079905,"south"
"146",3.2,1.163151,15,2,2,2,4,4,225,"white","rural","single","female","trcommpu","other",1.09861228866811,-0.229786949991718,"south"
"147",2,0.6931472,10,3,0,5,9,0,100,"nonwhite","rural","single","female","trade","servocc",0,-0.0131107495310588,"south"
"148",4.5,1.504077,12,31,4,3,961,16,144,"white","rural","married","female","profserv","clerocc",1.6094379124341,-0.0744744341623315,"south"
"149",11.55,2.446686,16,20,5,3,400,25,256,"white","rural","married","female","construc","clerocc",1.79175946922805,0.509821456388602,"south"
"150",2.14,0.7608059,13,34,15,0,1156,225,169,"nonwhite","rural","married","female","services","other",2.77258872223978,-0.762650244714679,"south"
"151",2.38,0.8671005,9,5,0,5,25,0,81,"nonwhite","rural","single","male","other","servocc",0,-0.411397334377455,"south"
"152",3.75,1.321756,12,11,0,1,121,0,144,"white","rural","single","male","other","other",0,-0.372421965677375,"south"
"153",5.52,1.708378,13,31,3,0,961,9,169,"white","rural","single","male","trade","other",1.38629436111989,0.051856134863744,"south"
"154",6.5,1.871802,12,8,5,0,64,25,144,"white","rural","married","female","trcommpu","clerocc",1.79175946922805,0.320588646704007,"south"
"155",3.1,1.131402,12,2,2,1,4,4,144,"white","rural","single","female","ndurman","other",1.09861228866811,-0.127466822703095,"south"
"156",10,2.302585,14,18,5,2,324,25,196,"white","rural","married","male","other","profocc",1.79175946922805,0.0307733330242726,"south"
"157",6.63,1.891605,16,3,0,0,9,0,256,"white","rural","married","male","profserv","profocc",0,-0.0679158821242007,"south"
"158",10,2.302585,16,3,2,0,9,4,256,"white","rural","married","male","trcommpu","profocc",1.09861228866811,0.253256301338831,"south"
"159",2.31,0.8372475,9,4,1,5,16,1,81,"white","suburb","single","female","trade","servocc",0.693147180559945,0.195165090754262,"northcen"
"160",6.88,1.928619,18,4,4,0,16,16,324,"white","rural","single","male","profserv","profocc",1.6094379124341,-0.318883300833681,"northcen"
"161",2.83,1.040277,10,1,0,4,1,0,100,"white","rural","single","male","trade","other",0,0.00217088413598967,"northcen"
"162",3.13,1.141033,10,1,0,1,1,0,100,"white","rural","single","female","trade","profocc",0,0.0855511442485363,"northcen"
"163",8,2.079442,13,28,5,1,784,25,169,"white","rural","married","male","services","profocc",1.79175946922805,0.136292117854928,"northcen"
"164",4.5,1.504077,12,47,4,0,2209,16,144,"white","rural","married","female","trade","clerocc",1.6094379124341,0.313289149415787,"northcen"
"165",8.65,2.157559,18,13,1,0,169,1,324,"white","rural","single","female","ndurman","profocc",0.693147180559945,0.0965985316179045,"northcen"
"166",2,0.6931472,13,2,6,0,4,36,169,"white","rural","single","female","services","servocc",1.94591014905531,-0.458876166057048,"northcen"
"167",4.75,1.558145,12,48,2,0,2304,4,144,"white","rural","married","female","profserv","servocc",1.09861228866811,0.377936521792232,"northcen"
"168",6.25,1.832582,13,6,5,1,36,25,169,"white","rural","married","female","profserv","profocc",1.79175946922805,0.128079181559639,"northcen"
"169",6,1.791759,13,8,0,2,64,0,169,"white","rural","married","male","profserv","servocc",0,0.258064206534103,"northcen"
"170",15.38,2.733068,13,25,21,2,625,441,169,"white","rural","married","male","profserv","profocc",3.09104245335832,0.50274776419364,"northcen"
"171",14.58,2.679651,18,13,7,0,169,49,324,"white","rural","single","female","profserv","profocc",2.07944154167984,0.496353794804725,"northcen"
"172",12.5,2.525729,12,8,1,0,64,1,144,"white","rural","single","male","other","other",0.693147180559945,0.792712165673236,"northcen"
"173",5.25,1.658228,12,19,10,2,361,100,144,"white","rural","married","female","trcommpu","clerocc",2.39789527279837,-0.0204774673602936,"northcen"
"174",2.17,0.7747272,13,1,4,1,1,16,169,"white","rural","single","female","ndurman","servocc",1.6094379124341,-0.484822367106887,"northcen"
"175",7.14,1.965713,12,43,5,0,1849,25,144,"white","rural","single","female","other","other",1.79175946922805,0.461535256305479,"northcen"
"176",6.22,1.82777,12,19,9,1,361,81,144,"white","rural","married","female","profserv","clerocc",2.30258509299405,0.12086104246326,"northcen"
"177",9,2.197225,12,11,5,0,121,25,144,"white","rural","married","female","profserv","profocc",1.79175946922805,0.437214886395303,"northcen"
"178",10,2.302585,14,43,4,0,1849,16,196,"white","rural","married","male","profserv","profocc",1.6094379124341,0.309174952995554,"northcen"
"179",5.77,1.752672,10,44,3,0,1936,9,100,"white","rural","married","male","profserv","profocc",1.38629436111989,-0.00270233381439541,"northcen"
"180",4,1.386294,12,22,11,2,484,121,144,"white","rural","married","female","ndurman","other",2.484906649788,-0.280550467169216,"northcen"
"181",8.75,2.169054,16,3,2,1,9,4,256,"white","rural","married","male","ndurman","profocc",1.09861228866811,0.127582077560792,"northcen"
"182",6.53,1.876407,16,3,2,0,9,4,256,"white","rural","single","female","profserv","profocc",1.09861228866811,0.125695464741097,"northcen"
"183",7.6,2.028148,12,41,11,0,1681,121,144,"white","rural","single","female","profserv","profocc",2.484906649788,0.332097176071411,"northcen"
"184",5,1.609438,14,5,0,0,25,0,196,"white","rural","single","male","trade","other",0,0.187664859450609,"northcen"
"185",5,1.609438,12,14,11,0,196,121,144,"white","rural","single","female","profserv","servocc",2.484906649788,0.0717339872669888,"northcen"
"186",21.86,3.084659,12,24,16,3,576,256,144,"white","rural","married","male","trade","profocc",2.83321334405622,1.13932954978731,"northcen"
"187",8.64,2.156403,12,28,8,0,784,64,144,"white","rural","married","male","ndurman","profocc",2.19722457733622,0.0156959839453541,"northcen"
"188",3.3,1.193922,12,25,8,1,625,64,144,"white","rural","married","male","trade","other",2.19722457733622,-0.536869171136316,"northcen"
"189",4.44,1.490654,12,3,0,0,9,0,144,"white","rural","single","male","trade","profocc",0,0.0211824339909196,"northcen"
"190",4.55,1.515127,12,11,0,0,121,0,144,"white","suburb","married","male","other","other",0,-0.104125965192305,"northcen"
"191",3.5,1.252763,12,7,6,0,49,36,144,"nonwhite","suburb","married","female","other","other",1.94591014905531,-0.196376493039139,"northcen"
"192",6.25,1.832582,16,9,2,1,81,4,256,"white","suburb","married","male","profserv","profocc",1.09861228866811,-0.173207420792749,"northcen"
"193",3.85,1.348073,16,5,0,0,25,0,256,"white","rural","married","male","trade","other",0,-0.26334172015913,"northcen"
"194",6.18,1.821318,14,9,3,0,81,9,196,"white","rural","married","female","profserv","profocc",1.38629436111989,0.0174898484005251,"northcen"
"195",2.91,1.068153,11,1,0,3,1,0,121,"white","rural","single","female","services","profocc",0,0.018527569398892,"northcen"
"196",6.25,1.832582,16,2,1,0,4,1,256,"nonwhite","rural","single","female","trade","profocc",0.693147180559945,0.357057547862283,"northcen"
"197",6.25,1.832582,12,13,0,0,169,0,144,"white","rural","married","female","profserv","clerocc",0,0.366840103138934,"northcen"
"198",9.05,2.202765,12,10,2,3,100,4,144,"white","rural","married","male","construc","profocc",1.09861228866811,0.270039413360042,"northcen"
"199",10,2.302585,17,5,3,0,25,9,289,"white","rural","married","male","other","profocc",1.38629436111989,-0.0233217012199847,"northcen"
"200",11.11,2.407845,12,30,8,0,900,64,144,"white","rural","married","male","trade","profocc",2.19722457733622,0.471377019234804,"northcen"
"201",6.88,1.928619,12,31,19,3,961,361,144,"white","rural","married","male","profserv","servocc",2.99573227355399,0.0872999482888718,"northcen"
"202",8.75,2.169054,16,1,2,0,1,4,256,"nonwhite","rural","single","male","other","profocc",1.09861228866811,0.12012825807197,"northcen"
"203",10,2.302585,8,9,0,0,81,0,64,"white","rural","married","male","construc","other",0,0.756453756882651,"northcen"
"204",3.05,1.115142,12,10,0,2,100,0,144,"white","rural","married","female","trade","other",0,-0.0263611135541214,"northcen"
"205",3,1.098612,12,38,0,0,1444,0,144,"white","suburb","married","female","services","clerocc",0,0.0109918017846867,"northcen"
"206",5.8,1.757858,12,19,6,2,361,36,144,"white","suburb","married","female","ndurman","other",1.94591014905531,0.297049481347454,"northcen"
"207",4.1,1.410987,16,5,0,0,25,0,256,"white","rural","married","female","profserv","profocc",0,-0.330042440353158,"northcen"
"208",8,2.079442,12,26,2,1,676,4,144,"white","rural","married","male","other","other",1.09861228866811,0.151772521523409,"northcen"
"209",6.15,1.816452,12,35,12,0,1225,144,144,"white","rural","single","female","trade","other",2.56494935746154,0.405568267610471,"northcen"
"210",2.7,0.9932518,9,2,0,1,4,0,81,"white","rural","single","female","trade","clerocc",0,0.0970640336551312,"northcen"
"211",2.75,1.011601,13,1,2,1,1,4,169,"white","rural","single","female","profserv","servocc",1.09861228866811,-0.193141560048962,"northcen"
"212",3,1.098612,16,19,10,0,361,100,256,"white","rural","married","female","trade","clerocc",2.39789527279837,-0.708172583172459,"northcen"
"213",3,1.098612,14,3,2,0,9,4,196,"white","rural","single","female","profserv","servocc",1.09861228866811,-0.237664365092236,"northcen"
"214",7.36,1.99606,8,36,24,3,1296,576,64,"white","rural","married","male","other","other",3.2188758248682,0.139278377679698,"northcen"
"215",7.5,2.014903,14,29,24,1,841,576,196,"white","rural","married","male","other","profocc",3.2188758248682,-0.412459433767763,"northcen"
"216",3.5,1.252763,13,1,2,3,1,4,169,"white","rural","single","male","trade","other",1.09861228866811,-0.0480458495065766,"northcen"
"217",8.1,2.091864,12,38,3,1,1444,9,144,"white","rural","married","female","profserv","profocc",1.38629436111989,0.420501945369464,"northcen"
"218",3.75,1.321756,18,1,2,1,1,4,324,"white","rural","single","male","profserv","profocc",1.09861228866811,-0.783709530903397,"northcen"
"219",3.25,1.178655,9,29,0,1,841,0,81,"nonwhite","rural","married","male","other","other",0,-0.490229081335018,"northcen"
"220",5.83,1.763017,8,36,15,0,1296,225,64,"white","suburb","married","female","profserv","clerocc",2.77258872223978,0.287258212367277,"other"
"221",3.5,1.252763,8,4,0,3,16,0,64,"white","rural","single","male","trade","servocc",0,0.189330948276496,"other"
"222",3.33,1.202972,12,45,4,0,2025,16,144,"white","suburb","married","female","trade","other",1.6094379124341,0.100656270527457,"other"
"223",4,1.386294,14,22,3,0,484,9,196,"white","rural","single","female","construc","clerocc",1.38629436111989,-0.456032918733696,"other"
"224",3.5,1.252763,12,20,4,2,400,16,144,"white","suburb","married","female","profserv","clerocc",1.6094379124341,-0.28187475896718,"other"
"225",6.25,1.832582,16,5,0,0,25,0,256,"white","rural","married","male","ndurman","profocc",0,-0.231608691970898,"other"
"226",2.95,1.081805,8,15,2,1,225,4,64,"nonwhite","rural","married","female","ndurman","other",1.09861228866811,-0.330641041678868,"other"
"227",5.71,1.742219,13,10,2,0,100,4,169,"white","rural","married","female","trade","profocc",1.09861228866811,0.136686937539397,"other"
"228",3,1.098612,9,3,0,0,9,0,81,"white","rural","single","female","services","other",0,0.142719704708059,"other"
"229",22.86,3.129389,16,16,7,2,256,49,256,"white","rural","married","male","other","profocc",2.07944154167984,0.65103281489407,"other"
"230",9,2.197225,12,38,1,0,1444,1,144,"white","rural","married","male","profserv","profocc",0.693147180559945,0.250205107171866,"other"
"231",8.33,2.119864,15,33,26,1,1089,676,225,"white","rural","married","male","profserv","profocc",3.29583686600433,-0.289827253383386,"other"
"232",3,1.098612,11,2,0,0,4,0,121,"white","rural","single","male","trade","other",0,-0.157046409772971,"other"
"233",5.75,1.7492,14,6,5,0,36,25,196,"white","rural","married","male","trade","profocc",1.79175946922805,-0.169887644622477,"other"
"234",6.76,1.911023,12,19,3,2,361,9,144,"nonwhite","rural","married","male","ndurman","other",1.38629436111989,0.0697999369913692,"other"
"235",10,2.302585,12,29,0,2,841,0,144,"white","rural","married","male","profserv","clerocc",0,0.523228766482187,"other"
"236",3,1.098612,12,2,0,0,4,0,144,"white","rural","single","male","construc","other",0,-0.454012681355497,"other"
"237",3.5,1.252763,18,3,1,0,9,1,324,"white","rural","single","female","trcommpu","profocc",0.693147180559945,-0.673353555095845,"other"
"238",3.25,1.178655,12,4,0,0,16,0,144,"white","rural","single","male","services","other",0,-0.172452609907816,"other"
"239",4,1.386294,12,10,1,0,100,1,144,"nonwhite","rural","single","female","profserv","clerocc",0.693147180559945,-0.0833091591288365,"other"
"240",2.92,1.071584,12,4,0,1,16,0,144,"white","suburb","single","female","trade","profocc",0,0.0046159082414024,"south"
"241",3.06,1.118415,12,14,10,3,196,100,144,"nonwhite","suburb","single","female","trade","other",2.39789527279837,-0.0537283349722024,"south"
"242",3.2,1.163151,12,15,5,1,225,25,144,"white","suburb","married","female","profserv","profocc",1.79175946922805,-0.477484878418772,"south"
"243",4.75,1.558145,12,19,0,3,361,0,144,"white","suburb","married","male","other","other",0,-0.0677006549900684,"south"
"244",3,1.098612,14,17,0,4,289,0,196,"white","rural","married","female","services","clerocc",0,-0.242479541278505,"south"
"245",18.16,2.899221,16,29,7,1,841,49,256,"white","rural","married","male","ndurman","profocc",2.07944154167984,0.543957612819088,"south"
"246",3.5,1.252763,12,2,0,2,4,0,144,"white","rural","single","female","trcommpu","clerocc",0,0.0904956432963465,"south"
"247",4.11,1.413423,14,5,0,0,25,0,196,"white","suburb","single","male","profserv","profocc",0,-0.254430675563847,"south"
"248",1.96,0.6729445,11,38,3,0,1444,9,121,"nonwhite","suburb","single","female","services","other",1.38629436111989,-0.373766101124164,"south"
"249",4.29,1.456287,12,3,0,0,9,0,144,"white","suburb","single","female","trade","servocc",0,0.661559325124869,"south"
"250",3,1.098612,10,47,0,0,2209,0,100,"white","suburb","single","male","services","servocc",0,0.191713903229131,"south"
"251",6.45,1.86408,12,7,6,0,49,36,144,"white","suburb","married","male","trade","other",1.94591014905531,0.425870684747505,"south"
"252",5.2,1.648659,6,47,13,0,2209,169,36,"nonwhite","rural","married","male","construc","other",2.63905732961526,0.0925005300378666,"south"
"253",4.5,1.504077,13,23,2,0,529,4,169,"nonwhite","rural","single","female","trade","profocc",1.09861228866811,-0.071153492877028,"south"
"254",3.88,1.355835,12,12,3,3,144,9,144,"white","rural","married","male","trade","clerocc",1.38629436111989,-0.230711410454746,"south"
"255",3.45,1.238374,10,11,0,2,121,0,100,"white","rural","single","female","trade","servocc",0,0.283461629612027,"south"
"256",10.91,2.38968,12,25,23,0,625,529,144,"white","rural","single","male","trcommpu","other",3.17805383034795,0.416658969655309,"south"
"257",4.1,1.410987,14,6,0,0,36,0,196,"white","rural","married","female","services","servocc",0,0.241564848508054,"south"
"258",3,1.098612,13,3,1,0,9,1,169,"white","rural","single","male","trade","other",0.693147180559945,-0.288511852849811,"south"
"259",5.9,1.774952,12,14,7,2,196,49,144,"nonwhite","rural","married","male","services","other",2.07944154167984,0.150236509928322,"south"
"260",18,2.890372,18,13,0,0,169,0,324,"white","rural","single","female","profserv","profocc",0,0.897830117025842,"south"
"261",4,1.386294,12,9,0,0,81,0,144,"white","rural","single","male","profserv","profocc",0,-0.388622393509891,"south"
"262",3,1.098612,12,1,0,0,1,0,144,"nonwhite","rural","single","male","services","other",0,-0.0995143807522544,"south"
"263",3.55,1.266948,12,6,0,1,36,0,144,"white","suburb","married","female","other","other",0,-0.0436319311295727,"other"
"264",3,1.098612,12,11,1,2,121,1,144,"white","suburb","married","female","services","servocc",0.693147180559945,0.032550380037295,"other"
"265",8.75,2.169054,12,47,44,0,2209,1936,144,"white","suburb","married","male","other","other",3.80666248977032,0.351077471693974,"other"
"266",2.9,1.064711,8,49,6,1,2401,36,64,"white","suburb","single","female","ndurman","other",1.94591014905531,0.0544816379821774,"other"
"267",6.26,1.83418,13,37,17,0,1369,289,169,"white","rural","married","female","profserv","profocc",2.89037175789616,-0.127263937661279,"other"
"268",3.5,1.252763,13,2,0,0,4,0,169,"white","rural","single","female","trade","profocc",0,-0.0448968825805653,"other"
"269",4.6,1.526056,14,7,0,0,49,0,196,"white","rural","married","female","trade","clerocc",0,0.166430213590988,"other"
"270",6,1.791759,12,22,8,2,484,64,144,"white","rural","single","male","trade","profocc",2.19722457733622,-0.125229864987161,"other"
"271",2.89,1.061257,10,8,0,1,64,0,100,"white","rural","single","female","other","other",0,-0.298442589690134,"other"
"272",5.58,1.719189,16,1,1,0,1,1,256,"white","rural","married","male","profserv","clerocc",0.693147180559945,-0.158843750578091,"other"
"273",4,1.386294,12,43,6,0,1849,36,144,"white","suburb","married","female","trcommpu","other",1.94591014905531,0.035045623528204,"other"
"274",6,1.791759,16,2,2,0,4,4,256,"white","rural","single","male","ndurman","other",1.09861228866811,-0.0559484057493463,"other"
"275",4.5,1.504077,12,2,1,2,4,1,144,"white","rural","single","female","construc","other",0.693147180559945,0.193821873309951,"other"
"276",2.92,1.071584,14,1,3,0,1,9,196,"white","rural","single","male","profserv","clerocc",1.38629436111989,-0.681529849342053,"other"
"277",4.33,1.465567,18,1,0,0,1,0,324,"white","rural","single","male","trade","profocc",0,-0.434036931072639,"other"
"278",18.89,2.938633,17,26,20,2,676,400,289,"white","rural","married","male","profserv","profocc",3.04452243772342,0.376928928965854,"other"
"279",4.28,1.453953,13,1,1,2,1,1,169,"white","rural","single","female","trade","profocc",0.693147180559945,0.164668351756453,"other"
"280",4.57,1.519513,14,37,7,0,1369,49,196,"white","rural","married","female","services","servocc",2.07944154167984,0.0293053101223517,"other"
"281",6.25,1.832582,15,12,4,2,144,16,225,"white","rural","married","female","profserv","profocc",1.6094379124341,-0.111034094720866,"other"
"282",2.95,1.081805,14,41,23,0,1681,529,196,"nonwhite","suburb","married","male","profserv","profocc",3.17805383034795,-0.924569906011671,"northcen"
"283",8.75,2.169054,12,24,1,0,576,1,144,"white","rural","single","male","ndurman","profocc",0.693147180559945,0.207781693555097,"northcen"
"284",8.5,2.140066,8,38,26,0,1444,676,64,"white","rural","single","male","other","other",3.29583686600433,0.282250413079703,"northcen"
"285",3.75,1.321756,12,18,0,4,324,0,144,"white","rural","married","female","profserv","clerocc",0,-0.0915133512967503,"northcen"
"286",3.15,1.147403,12,26,1,0,676,1,144,"white","rural","married","male","trade","profocc",0.693147180559945,-0.668015942390185,"northcen"
"287",5,1.609438,8,45,2,0,2025,4,64,"white","suburb","single","male","ndurman","other",1.09861228866811,0.349779067732642,"northcen"
"288",6.46,1.865629,12,27,0,3,729,0,144,"white","suburb","married","male","other","other",0,0.237772285264429,"northcen"
"289",2,0.6931472,9,2,0,3,4,0,81,"white","suburb","single","male","trade","servocc",0,-0.145736408927544,"northcen"
"290",4.79,1.56653,12,41,8,0,1681,64,144,"white","rural","married","male","trade","profocc",2.19722457733622,-0.225415502513685,"northcen"
"291",5.78,1.754404,16,11,4,2,121,16,256,"white","rural","married","male","ndurman","profocc",1.6094379124341,-0.457341915151884,"northcen"
"292",3.18,1.156881,12,5,0,0,25,0,144,"white","rural","married","female","profserv","servocc",0,-0.0579408815510143,"northcen"
"293",4.68,1.543298,16,3,1,0,9,1,256,"white","rural","single","female","profserv","profocc",0.693147180559945,-0.169553195464052,"northcen"
"294",4.1,1.410987,12,3,2,0,9,4,144,"white","rural","single","female","profserv","servocc",1.09861228866811,0.186483023543241,"northcen"
"295",2.91,1.068153,12,4,0,0,16,0,144,"white","rural","married","male","trade","other",0,-0.27367744163569,"south"
"296",6,1.791759,13,21,13,4,441,169,169,"white","suburb","married","male","ndurman","other",2.63905732961526,-0.0072988524037089,"south"
"297",3.6,1.280934,10,34,26,0,1156,676,100,"white","suburb","married","female","ndurman","other",3.29583686600433,-0.226686922794655,"south"
"298",3.95,1.373716,6,49,6,6,2401,36,36,"white","suburb","married","male","other","other",1.94591014905531,0.148928873367797,"south"
"299",7,1.94591,12,6,5,1,36,25,144,"nonwhite","suburb","married","male","construc","other",1.79175946922805,0.342402941914601,"south"
"300",3,1.098612,12,26,9,0,676,81,144,"white","suburb","married","female","services","servocc",2.30258509299405,-0.196961358170948,"south"
"301",6.08,1.805005,16,9,0,0,81,0,256,"white","suburb","single","male","services","profocc",0,0.104206921805774,"south"
"302",8.63,2.155245,12,23,9,1,529,81,144,"white","suburb","married","male","ndurman","other",2.30258509299405,0.363400497644108,"south"
"303",3,1.098612,8,33,2,0,1089,4,64,"white","suburb","married","male","ndurman","other",1.09861228866811,-0.418086751816289,"south"
"304",3.75,1.321756,12,5,2,1,25,4,144,"white","suburb","married","female","profserv","clerocc",1.09861228866811,0.0489481440491673,"south"
"305",2.9,1.064711,6,49,7,0,2401,49,36,"white","suburb","married","male","other","servocc",2.07944154167984,-0.247003710439323,"south"
"306",3,1.098612,4,48,0,0,2304,0,16,"nonwhite","suburb","married","male","ndurman","other",0,0.0185006834855071,"south"
"307",6.25,1.832582,11,35,31,0,1225,961,121,"white","rural","married","male","trade","other",3.46573590279973,0.0714588239553765,"south"
"308",3.5,1.252763,11,23,2,2,529,4,121,"nonwhite","suburb","single","female","ndurman","other",1.09861228866811,-0.0203216805912818,"south"
"309",3,1.098612,7,26,1,3,676,1,49,"white","suburb","single","female","trade","servocc",0.693147180559945,0.235968504661148,"south"
"310",3.24,1.175573,12,16,0,2,256,0,144,"white","rural","married","female","trade","clerocc",0,-0.0899225322943264,"south"
"311",8.02,2.081939,18,23,3,1,529,9,324,"white","rural","married","female","profserv","profocc",1.38629436111989,-0.127308774288754,"south"
"312",3.33,1.202972,12,36,8,1,1296,64,144,"white","rural","married","female","profserv","clerocc",2.19722457733622,-0.424480902369443,"south"
"313",5.25,1.658228,16,4,0,0,16,0,256,"white","rural","single","male","ndurman","profocc",0,-0.281089835532188,"south"
"314",6.25,1.832582,12,10,0,3,100,0,144,"white","rural","married","male","construc","other",0,0.201855267116305,"south"
"315",3.5,1.252763,14,18,2,1,324,4,196,"white","suburb","married","male","trade","profocc",1.09861228866811,-0.528311169579647,"northcen"
"316",2.95,1.081805,12,3,1,1,9,1,144,"white","suburb","single","male","trade","other",0.693147180559945,-0.0798494496641604,"northcen"
"317",3,1.098612,10,7,0,2,49,0,100,"white","suburb","married","female","profserv","servocc",0,0.122339142888882,"northcen"
"318",4.69,1.545433,10,7,7,0,49,49,100,"white","suburb","single","male","other","other",2.07944154167984,-0.0703891620377137,"northcen"
"319",3.73,1.316408,9,33,2,1,1089,4,81,"white","suburb","single","female","other","other",1.09861228866811,0.00219468139169338,"northcen"
"320",4,1.386294,10,34,12,0,1156,144,100,"white","suburb","married","male","other","other",2.56494935746154,-0.417319363134006,"northcen"
"321",4,1.386294,12,8,0,2,64,0,144,"white","suburb","married","female","trade","profocc",0,0.219650330738287,"northcen"
"322",2.9,1.064711,12,17,1,2,289,1,144,"white","suburb","married","female","ndurman","other",0.693147180559945,-0.266711621208147,"northcen"
"323",3.05,1.115142,12,2,0,1,4,0,144,"white","suburb","single","female","profserv","servocc",0,0.186269120582317,"northcen"
"324",5.05,1.619388,10,5,0,0,25,0,100,"white","rural","single","female","profserv","clerocc",0,0.415854204288551,"northcen"
"325",13.95,2.635479,16,41,16,0,1681,256,256,"white","rural","married","male","ndurman","profocc",2.83321334405622,0.33994595670564,"northcen"
"326",18.16,2.899221,16,35,28,1,1225,784,256,"white","rural","married","male","ndurman","profocc",3.36729582998647,0.482735745822933,"northcen"
"327",6.25,1.832582,16,11,4,0,121,16,256,"white","rural","single","male","services","profocc",1.6094379124341,-0.190562142775486,"northcen"
"328",5.25,1.658228,12,4,0,0,16,0,144,"nonwhite","rural","single","male","ndurman","clerocc",0,0.155596222324552,"northcen"
"329",4.79,1.56653,12,12,3,3,144,9,144,"white","rural","married","female","profserv","profocc",1.38629436111989,-0.096025159126091,"northcen"
"330",3.35,1.20896,7,35,0,1,1225,0,49,"white","rural","single","female","other","other",0,-0.08754810796649,"south"
"331",3,1.098612,8,33,0,1,1089,0,64,"white","rural","married","male","trcommpu","other",0,-0.416675388537295,"south"
"332",8.43,2.131797,16,8,6,0,64,36,256,"white","rural","married","male","ndurman","profocc",1.94591014905531,-0.11663654052423,"south"
"333",5.7,1.740466,16,2,0,0,4,0,256,"white","rural","single","male","trade","profocc",0,0.0390477743555952,"south"
"334",11.98,2.483238,18,8,10,2,64,100,324,"white","rural","married","male","trcommpu","profocc",2.39789527279837,0.0927155076659791,"south"
"335",3.5,1.252763,13,29,1,0,841,1,169,"white","suburb","married","female","profserv","clerocc",0.693147180559945,-0.234293845595141,"south"
"336",4.24,1.444563,10,14,5,1,196,25,100,"nonwhite","suburb","married","male","trade","other",1.79175946922805,0.0558286131164845,"south"
"337",7,1.94591,16,26,3,1,676,9,256,"white","rural","married","female","profserv","profocc",1.38629436111989,-0.0919733998573604,"south"
"338",6,1.791759,14,11,3,2,121,9,196,"white","rural","married","female","profserv","clerocc",1.38629436111989,0.155715184295253,"south"
"339",12.22,2.503074,16,10,2,0,100,4,256,"white","rural","single","male","profserv","profocc",1.09861228866811,0.358104148375916,"south"
"340",4.5,1.504077,12,13,0,0,169,0,144,"white","rural","married","male","trade","other",0,0.0119018205679778,"south"
"341",3,1.098612,9,23,20,2,529,400,81,"white","suburb","married","female","ndurman","other",3.04452243772342,-0.365199289400036,"south"
"342",2.9,1.064711,11,1,2,2,1,4,121,"nonwhite","suburb","single","male","trade","servocc",1.09861228866811,0.0794298082886109,"south"
"343",15,2.70805,11,35,31,0,1225,961,121,"white","suburb","married","male","ndurman","other",3.46573590279973,0.89997893039438,"south"
"344",4,1.386294,12,5,2,0,25,4,144,"white","suburb","married","male","construc","other",1.09861228866811,-0.185564638563367,"south"
"345",5.25,1.658228,11,13,11,2,169,121,121,"white","suburb","married","male","ndurman","other",2.484906649788,-0.0190037346046659,"south"
"346",4,1.386294,12,22,3,3,484,9,144,"white","suburb","married","male","ndurman","other",1.38629436111989,-0.270105378933312,"south"
"347",3.3,1.193922,12,21,9,2,441,81,144,"white","suburb","married","female","trade","profocc",2.30258509299405,-0.322088884035594,"south"
"348",5.05,1.619388,12,19,0,3,361,0,144,"white","suburb","married","female","profserv","clerocc",0,0.318109544347935,"south"
"349",3.58,1.275363,12,13,0,0,169,0,144,"white","rural","single","male","services","other",0,-0.171885892184203,"south"
"350",5,1.609438,14,15,5,2,225,25,196,"white","suburb","married","male","trade","profocc",1.79175946922805,-0.191856210460137,"south"
"351",4.57,1.519513,14,3,0,0,9,0,196,"white","suburb","married","male","profserv","profocc",0,-0.154526130041596,"south"
"352",12.5,2.525729,18,6,2,0,36,4,324,"white","rural","single","male","services","clerocc",1.09861228866811,0.61460628280108,"south"
"353",3.45,1.238374,12,6,5,0,36,25,144,"white","rural","married","female","trade","clerocc",1.79175946922805,-0.103666047338469,"south"
"354",4.63,1.532557,12,16,1,0,256,1,144,"white","rural","single","female","profserv","clerocc",0.693147180559945,0.0180035734567696,"south"
"355",10,2.302585,12,31,2,0,961,4,144,"white","rural","married","male","trade","profocc",1.09861228866811,0.47289918013936,"south"
"356",2.92,1.071584,11,1,0,1,1,0,121,"white","suburb","single","female","trade","servocc",0,0.397639842016136,"northcen"
"357",4.51,1.506297,12,5,2,0,25,4,144,"white","rural","single","male","trade","other",1.09861228866811,0.0937132299175349,"northcen"
"358",6.5,1.871802,17,3,0,0,9,0,289,"white","rural","married","male","profserv","profocc",0,-0.16497761538294,"northcen"
"359",7.5,2.014903,16,11,0,0,121,0,256,"white","rural","married","male","services","profocc",0,0.0924970736464905,"northcen"
"360",3.54,1.264127,13,6,7,0,36,49,169,"white","suburb","married","female","profserv","clerocc",2.07944154167984,-0.193547390698849,"northcen"
"361",4.2,1.435084,13,11,3,2,121,9,169,"white","rural","married","female","trade","clerocc",1.38629436111989,0.0471024767458935,"northcen"
"362",3.51,1.255616,12,7,2,0,49,4,144,"white","rural","married","female","trade","clerocc",1.09861228866811,-0.0372042475221556,"northcen"
"363",4.5,1.504077,14,5,0,0,25,0,196,"white","rural","married","male","construc","profocc",0,-0.421770205961147,"northcen"
"364",3.35,1.20896,14,5,4,0,25,16,196,"white","rural","married","female","trade","profocc",1.6094379124341,-0.357029819936032,"northcen"
"365",2.91,1.068153,11,2,2,2,4,4,121,"white","rural","single","male","trade","servocc",1.09861228866811,-0.112308258806521,"northcen"
"366",5.25,1.658228,10,44,7,1,1936,49,100,"white","rural","married","male","other","other",2.07944154167984,-0.0510365735097328,"northcen"
"367",4.05,1.398717,8,44,25,0,1936,625,64,"white","rural","married","male","ndurman","servocc",3.25809653802148,-0.209088481238717,"northcen"
"368",3.75,1.321756,14,13,0,3,169,0,196,"white","rural","married","female","trade","clerocc",0,0.00244800413671837,"northcen"
"369",3.4,1.223776,12,26,15,1,676,225,144,"white","rural","married","female","construc","clerocc",2.77258872223978,-0.602113667548702,"northcen"
"370",3,1.098612,10,2,1,1,4,1,100,"white","rural","single","female","trade","clerocc",0.693147180559945,0.103187899904693,"south"
"371",6.29,1.838961,17,10,3,1,100,9,289,"white","rural","married","male","services","profocc",1.38629436111989,-0.258152206996694,"south"
"372",2.54,0.9321641,9,2,0,1,4,0,81,"white","rural","single","female","trade","servocc",0,0.154265110317352,"south"
"373",4.5,1.504077,12,35,0,1,1225,0,144,"white","rural","married","female","trade","clerocc",0,0.253874361823806,"south"
"374",3.13,1.141033,12,6,5,1,36,25,144,"white","rural","married","female","profserv","clerocc",1.79175946922805,-0.361901797420606,"south"
"375",6.36,1.850028,14,8,1,0,64,1,196,"white","rural","married","male","trade","profocc",0.693147180559945,0.0510009564468315,"south"
"376",4.68,1.543298,16,1,0,0,1,0,256,"white","rural","single","male","ndurman","profocc",0,-0.326009337613389,"south"
"377",6.8,1.916923,12,14,10,2,196,100,144,"white","suburb","married","male","ndurman","other",2.39789527279837,0.191373597385195,"south"
"378",8.53,2.143589,10,14,6,0,196,36,100,"white","suburb","married","male","other","other",1.94591014905531,0.385818989685946,"south"
"379",4.17,1.427916,0,22,10,0,484,100,0,"white","suburb","single","female","services","other",2.39789527279837,0.175556936186614,"south"
"380",3.75,1.321756,14,8,4,0,64,16,196,"white","suburb","married","female","trcommpu","profocc",1.6094379124341,-0.331457379203328,"south"
"381",11.1,2.406945,15,1,4,2,1,16,225,"white","suburb","single","female","profserv","clerocc",1.6094379124341,1.0731657069086,"south"
"382",3.26,1.181727,16,15,5,2,225,25,256,"nonwhite","rural","married","female","trade","profocc",1.79175946922805,-0.617845223562339,"south"
"383",9.13,2.211566,12,14,12,3,196,144,144,"white","rural","married","male","ndurman","profocc",2.56494935746154,0.146533882732495,"south"
"384",4.5,1.504077,11,37,10,2,1369,100,121,"white","rural","married","male","ndurman","other",2.39789527279837,-0.273629824790467,"south"
"385",3,1.098612,11,1,1,1,1,1,121,"white","rural","single","female","profserv","servocc",0.693147180559945,0.0259264544293884,"south"
"386",8.75,2.169054,12,4,4,0,16,16,144,"white","rural","married","male","profserv","clerocc",1.6094379124341,0.44152625947944,"south"
"387",4.14,1.420696,13,29,0,0,841,0,169,"white","rural","married","female","trade","clerocc",0,0.0382011064053341,"south"
"388",2.87,1.054312,12,45,8,0,2025,64,144,"white","suburb","married","female","trade","profocc",2.19722457733622,-0.248100740585158,"northcen"
"389",3.35,1.20896,13,22,0,2,484,0,169,"white","suburb","single","female","trade","clerocc",0,0.058863010186861,"northcen"
"390",6.08,1.805005,16,42,10,0,1764,100,256,"white","suburb","single","male","trade","profocc",2.39789527279837,-0.0428521064598581,"northcen"
"391",3,1.098612,15,9,0,0,81,0,225,"nonwhite","suburb","single","male","services","other",0,-0.293587595456998,"northcen"
"392",4.2,1.435084,16,8,0,1,64,0,256,"white","rural","married","female","profserv","clerocc",0,-0.185729039972496,"northcen"
"393",5.6,1.722767,15,31,15,2,961,225,225,"white","rural","single","female","profserv","servocc",2.77258872223978,0.00765493033759744,"northcen"
"394",10,2.302585,12,24,24,0,576,576,144,"white","rural","married","male","ndurman","other",3.2188758248682,0.258757920961708,"northcen"
"395",12.5,2.525729,18,16,5,1,256,25,324,"white","rural","married","male","profserv","profocc",1.79175946922805,0.0554230388587369,"northcen"
"396",3.76,1.324419,6,6,0,4,36,0,36,"white","suburb","single","male","other","other",0,0.0974940579429331,"south"
"397",3.1,1.131402,6,14,0,5,196,0,36,"nonwhite","rural","single","female","trade","clerocc",0,0.201602648128918,"south"
"398",4.29,1.456287,12,47,25,2,2209,625,144,"white","rural","married","female","ndurman","clerocc",3.25809653802148,-0.0355326914127368,"south"
"399",10.92,2.390596,12,34,5,0,1156,25,144,"white","suburb","married","male","profserv","profocc",1.79175946922805,0.485815656820195,"south"
"400",7.5,2.014903,16,6,2,1,36,4,256,"white","rural","married","female","profserv","profocc",1.09861228866811,0.172184811713157,"south"
"401",4.05,1.398717,9,7,4,1,49,16,81,"white","rural","married","female","other","other",1.6094379124341,-0.0576925046941523,"south"
"402",4.65,1.536867,12,27,2,3,729,4,144,"white","rural","married","male","other","servocc",1.09861228866811,-0.270860576207743,"south"
"403",5,1.609438,11,24,5,0,576,25,121,"white","rural","married","male","trade","other",1.79175946922805,-0.0669494794631361,"south"
"404",2.9,1.064711,10,18,0,2,324,0,100,"white","suburb","married","female","trade","clerocc",0,0.0134255488722567,"south"
"405",8,2.079442,12,12,3,1,144,9,144,"nonwhite","suburb","single","female","other","other",1.38629436111989,0.675016737919181,"south"
"406",8.43,2.131797,8,27,3,3,729,9,64,"white","rural","married","male","ndurman","other",1.38629436111989,0.473480999995793,"south"
"407",2.92,1.071584,9,49,0,0,2401,0,81,"white","rural","single","female","services","other",0,0.291241288303284,"south"
"408",6.25,1.832582,17,4,0,0,16,0,289,"white","rural","single","female","trade","profocc",0,0.145204219307149,"west"
"409",6.25,1.832582,16,24,2,2,576,4,256,"white","rural","married","female","profserv","profocc",1.09861228866811,-0.27533269158125,"west"
"410",5.11,1.631199,11,3,0,0,9,0,121,"white","rural","single","male","construc","other",0,0.0365486678839274,"west"
"411",4,1.386294,10,2,0,1,4,0,100,"white","rural","single","female","services","other",0,0.383012718108967,"west"
"412",4.44,1.490654,8,29,11,3,841,121,64,"white","suburb","married","male","trade","profocc",2.484906649788,-0.125661790618975,"south"
"413",6.88,1.928619,13,34,21,0,1156,441,169,"white","suburb","married","male","services","profocc",3.09104245335832,0.0307782842725937,"south"
"414",5.43,1.691939,14,10,3,1,100,9,196,"nonwhite","rural","married","male","trade","profocc",1.38629436111989,-0.151020192759233,"south"
"415",3,1.098612,13,5,0,1,25,0,169,"white","rural","single","female","profserv","servocc",0,-0.0980969647476815,"south"
"416",2.9,1.064711,11,2,0,2,4,0,121,"white","rural","single","female","trade","profocc",0,-0.0324802697015728,"south"
"417",6.25,1.832582,7,39,21,0,1521,441,49,"nonwhite","rural","married","male","trade","other",3.09104245335832,0.304639392241576,"south"
"418",4.34,1.467874,16,5,2,0,25,4,256,"nonwhite","rural","single","female","profserv","clerocc",1.09861228866811,-0.148205416969602,"south"
"419",3.25,1.178655,12,14,2,2,196,4,144,"white","suburb","married","female","trcommpu","clerocc",1.09861228866811,-0.19744671456779,"south"
"420",7.26,1.98238,13,8,2,0,64,4,169,"white","rural","single","male","trade","profocc",1.09861228866811,0.254462750102995,"south"
"421",6.35,1.848455,14,10,1,2,100,1,196,"white","rural","married","female","other","other",0.693147180559945,0.225497476869682,"south"
"422",5.63,1.728109,16,2,2,0,4,4,256,"white","rural","married","male","trade","servocc",1.09861228866811,0.0946978912240254,"other"
"423",8.75,2.169054,14,9,3,1,81,9,196,"white","rural","married","male","ndurman","profocc",1.38629436111989,0.0663924816705667,"other"
"424",3.2,1.163151,11,1,0,0,1,0,121,"white","suburb","single","male","trade","servocc",0,0.148826325444838,"other"
"425",3,1.098612,8,45,1,0,2025,1,64,"white","suburb","married","female","other","other",0.693147180559945,-0.08112486126202,"other"
"426",3,1.098612,14,33,3,0,1089,9,196,"white","rural","married","female","profserv","servocc",1.38629436111989,-0.557821752715389,"other"
"427",12.5,2.525729,17,21,18,3,441,324,289,"white","rural","married","male","other","profocc",2.94443897916644,-0.117999297016633,"other"
"428",2.88,1.05779,10,2,0,3,4,0,100,"white","rural","single","female","trade","clerocc",0,0.121540892534011,"other"
"429",3.35,1.20896,12,9,1,0,81,1,144,"white","rural","married","male","trade","other",0.693147180559945,-0.288758364396269,"northcen"
"430",6.5,1.871802,12,33,2,0,1089,4,144,"white","suburb","married","male","other","other",1.09861228866811,0.110733815361803,"northcen"
"431",10.38,2.339881,18,16,2,1,256,4,324,"nonwhite","rural","married","male","profserv","profocc",1.09861228866811,-0.0369350070507455,"northcen"
"432",4.5,1.504077,14,10,0,0,100,0,196,"white","rural","married","male","profserv","other",0,-0.241513370198666,"northcen"
"433",10,2.302585,18,9,8,0,81,64,324,"white","suburb","single","male","trcommpu","profocc",2.19722457733622,0.0637786738093331,"northcen"
"434",3.81,1.337629,12,8,1,2,64,1,144,"white","suburb","married","female","services","servocc",0.693147180559945,0.375982530169333,"northcen"
"435",8.8,2.174752,16,9,1,0,81,1,256,"white","suburb","married","male","profserv","profocc",0.693147180559945,0.179082321214335,"south"
"436",9.42,2.242835,14,23,0,2,529,0,196,"white","suburb","married","female","services","other",0,1.02470089410764,"south"
"437",6.33,1.8453,12,23,8,2,529,64,144,"white","suburb","married","male","other","profocc",2.19722457733622,-0.224422493389847,"south"
"438",4,1.386294,9,22,18,0,484,324,81,"nonwhite","suburb","single","male","other","other",2.94443897916644,-0.404938504224209,"south"
"439",2.9,1.064711,12,37,0,0,1369,0,144,"white","suburb","married","female","trade","profocc",0,-0.189689327062727,"south"
"440",20,2.995732,12,22,4,1,484,16,144,"white","suburb","married","male","trade","profocc",1.6094379124341,1.25934350916272,"south"
"441",11.25,2.420368,17,28,25,1,784,625,289,"white","rural","married","male","ndurman","other",3.25809653802148,0.0718034671320715,"south"
"442",3.5,1.252763,12,14,0,2,196,0,144,"nonwhite","rural","single","female","construc","other",0,-0.116890229248037,"south"
"443",6,1.791759,15,19,4,2,361,16,225,"white","rural","married","female","profserv","servocc",1.6094379124341,0.113908548644752,"south"
"444",14.38,2.665838,17,10,9,1,100,81,289,"nonwhite","suburb","married","male","ndurman","profocc",2.30258509299405,0.46960234986303,"south"
"445",6.36,1.850028,16,25,0,1,625,0,256,"white","rural","married","male","ndurman","profocc",0,-0.326040430465974,"south"
"446",3.55,1.266948,12,21,0,1,441,0,144,"white","suburb","married","female","ndurman","other",0,-0.0478893916738649,"south"
"447",3,1.098612,15,32,0,0,1024,0,225,"white","rural","married","male","services","servocc",0,-0.528334591698005,"south"
"448",4.5,1.504077,16,21,10,1,441,100,256,"white","rural","married","male","trade","profocc",2.39789527279837,-0.700851969247962,"south"
"449",6.63,1.891605,12,36,0,0,1296,0,144,"white","rural","single","female","trade","clerocc",0,0.679756072920076,"south"
"450",9.3,2.230014,15,2,2,0,4,4,225,"white","rural","married","male","trade","other",1.09861228866811,0.652888061437191,"south"
"451",3,1.098612,12,11,0,2,121,0,144,"white","rural","married","female","trade","profocc",0,-0.263626725216949,"south"
"452",3.25,1.178655,12,40,2,0,1600,4,144,"white","suburb","single","female","trade","servocc",1.09861228866811,0.198327349967521,"northcen"
"453",1.5,0.4054651,12,11,1,2,121,1,144,"white","suburb","married","female","profserv","servocc",0.693147180559945,-0.783586084890235,"northcen"
"454",5.9,1.774952,12,9,7,1,81,49,144,"white","rural","married","female","other","other",2.07944154167984,0.129005997340665,"northcen"
"455",8,2.079442,16,23,4,0,529,16,256,"white","rural","single","male","trade","profocc",1.6094379124341,-0.0268032414013474,"northcen"
"456",2.9,1.064711,11,1,0,1,1,0,121,"white","rural","single","female","trade","profocc",0,-0.0289532987542121,"northcen"
"457",3.29,1.190888,14,30,13,0,900,169,196,"white","rural","single","male","trade","profocc",2.63905732961526,-0.849065352268153,"northcen"
"458",6.5,1.871802,14,41,33,0,1681,1089,196,"white","rural","married","male","trade","profocc",3.52636052461616,-0.156024076024458,"northcen"
"459",4,1.386294,13,6,0,1,36,0,169,"white","rural","single","female","construc","clerocc",0,-0.0152043362466955,"northcen"
"460",6,1.791759,14,11,0,0,121,0,196,"white","suburb","married","male","trade","other",0,0.36228027583925,"northcen"
"461",4.08,1.406097,12,43,17,0,1849,289,144,"white","rural","married","female","profserv","clerocc",2.89037175789616,-0.184076214658933,"northcen"
"462",3.75,1.321756,12,39,2,0,1521,4,144,"white","rural","married","female","services","profocc",1.09861228866811,-0.150011529591564,"northcen"
"463",3.05,1.115142,8,50,24,0,2500,576,64,"white","suburb","single","female","ndurman","other",3.2188758248682,0.0445376789825615,"south"
"464",3.5,1.252763,12,26,20,0,676,400,144,"white","suburb","married","female","ndurman","other",3.04452243772342,-0.371311406595896,"south"
"465",2.92,1.071584,3,51,30,0,2601,900,9,"nonwhite","rural","single","male","services","servocc",3.43398720448515,-0.0913435660880304,"south"
"466",4.5,1.504077,11,3,9,0,9,81,121,"white","rural","single","male","construc","other",2.30258509299405,-0.187421198612362,"south"
"467",3.35,1.20896,15,3,1,2,9,1,225,"white","rural","married","female","services","clerocc",0.693147180559945,-0.101360358613565,"south"
"468",5.95,1.783391,11,15,9,1,225,81,121,"nonwhite","suburb","married","male","construc","other",2.30258509299405,0.0470003458433324,"south"
"469",8,2.079442,12,17,6,2,289,36,144,"white","suburb","married","male","trade","profocc",1.94591014905531,0.358696057717266,"south"
"470",3,1.098612,4,36,0,1,1296,0,16,"white","suburb","married","male","construc","other",0,-0.289184868911883,"south"
"471",5,1.609438,9,31,9,6,961,81,81,"nonwhite","suburb","married","male","other","other",2.30258509299405,0.00327830885751335,"south"
"472",5.5,1.704748,12,9,4,1,81,16,144,"white","suburb","married","male","trade","other",1.6094379124341,0.287769442016117,"south"
"473",2.65,0.9745597,12,42,10,0,1764,100,144,"white","rural","married","female","services","clerocc",2.39789527279837,-0.531467255861863,"west"
"474",3,1.098612,11,3,0,2,9,0,121,"white","rural","single","female","trade","other",0,0.0627562289768584,"west"
"475",4.5,1.504077,12,37,14,0,1369,196,144,"white","suburb","married","female","profserv","clerocc",2.70805020110221,-0.153931312798117,"west"
"476",17.5,2.862201,16,23,22,3,529,484,256,"white","rural","married","male","trade","profocc",3.13549421592915,0.515331654028936,"west"
"477",8.18,2.101692,13,21,5,0,441,25,169,"white","rural","single","male","trade","profocc",1.79175946922805,0.0599454363516877,"west"
"478",9.09,2.207175,15,11,12,1,121,144,225,"white","rural","married","male","trcommpu","profocc",2.56494935746154,-0.146214927337041,"west"
"479",11.82,2.469793,16,35,13,0,1225,169,256,"white","rural","married","male","trcommpu","profocc",2.63905732961526,-0.00470591415036085,"west"
"480",3.25,1.178655,12,42,0,0,1764,0,144,"white","rural","married","female","trade","profocc",0,-0.251486664095532,"west"
"481",4.5,1.504077,12,3,0,0,9,0,144,"white","rural","single","male","other","other",0,-0.185681577258067,"west"
"482",4.5,1.504077,12,13,0,0,169,0,144,"white","rural","married","male","other","other",0,-0.40780102626872,"west"
"483",3.71,1.311032,9,14,7,2,196,49,81,"white","suburb","married","male","ndurman","other",2.07944154167984,-0.27023442871879,"south"
"484",6.5,1.871802,10,14,11,3,196,121,100,"white","suburb","married","male","trade","other",2.484906649788,0.438233428801529,"south"
"485",2.9,1.064711,12,39,1,0,1521,1,144,"white","suburb","married","female","profserv","servocc",0.693147180559945,-0.13349449527381,"south"
"486",5.6,1.722767,11,11,8,2,121,64,121,"white","suburb","married","male","other","clerocc",2.19722457733622,-0.0613382597477847,"south"
"487",2.23,0.8020016,8,28,3,4,784,9,64,"white","suburb","married","male","profserv","profocc",1.38629436111989,-0.878027157577437,"south"
"488",5,1.609438,6,18,0,3,324,0,36,"white","rural","married","female","trade","servocc",0,0.522557111560468,"west"
"489",8.33,2.119864,16,6,2,0,36,4,256,"white","rural","married","male","trcommpu","clerocc",1.09861228866811,0.0416357378887059,"west"
"490",2.9,1.064711,12,26,1,4,676,1,144,"white","rural","single","female","trade","clerocc",0.693147180559945,-0.196194173740182,"south"
"491",6.25,1.832582,12,21,6,3,441,36,144,"white","rural","married","male","trade","profocc",1.94591014905531,-0.029616269789748,"south"
"492",4.55,1.515127,16,34,2,0,1156,4,256,"white","suburb","married","male","profserv","profocc",1.09861228866811,-0.576801444181044,"south"
"493",3.28,1.187843,12,17,2,0,289,4,144,"white","suburb","single","female","profserv","servocc",1.09861228866811,-0.105348403934537,"south"
"494",2.3,0.8329091,10,2,0,4,4,0,100,"white","rural","single","female","trade","servocc",0,0.100305535403928,"northcen"
"495",3.3,1.193922,13,5,0,0,25,0,169,"white","rural","single","female","profserv","profocc",0,-0.298038916162682,"northcen"
"496",3.15,1.147403,13,1,0,4,1,0,169,"white","rural","single","female","trcommpu","clerocc",0,0.00930082485231001,"northcen"
"497",12.5,2.525729,14,40,30,0,1600,900,196,"white","rural","married","male","other","profocc",3.43398720448515,0.186316702532007,"northcen"
"498",5.15,1.638997,16,39,21,0,1521,441,256,"white","rural","single","female","profserv","clerocc",3.09104245335832,-0.370680833862358,"west"
"499",3.13,1.141033,10,1,1,2,1,1,100,"white","rural","single","male","trade","servocc",0.693147180559945,-0.0605122631434154,"west"
"500",7.25,1.981001,12,14,5,3,196,25,144,"white","rural","married","male","trcommpu","other",1.79175946922805,0.0927217087925928,"west"
"501",2.9,1.064711,12,2,2,0,4,4,144,"white","rural","single","female","profserv","clerocc",1.09861228866811,-0.379726563449016,"west"
"502",1.75,0.5596158,11,2,1,2,4,1,121,"white","rural","single","male","trade","servocc",0.693147180559945,-0.70455404908132,"west"
"503",2.89,1.061257,0,42,0,2,1764,0,0,"white","suburb","married","female","services","other",0,0.0991544015176054,"west"
"504",2.9,1.064711,5,34,0,5,1156,0,25,"white","suburb","married","female","ndurman","other",0,-0.0469879538959579,"west"
"505",17.71,2.874129,16,10,3,1,100,9,256,"white","rural","married","male","construc","profocc",1.38629436111989,0.492445595561041,"west"
"506",6.25,1.832582,16,4,3,0,16,9,256,"white","suburb","married","male","trcommpu","servocc",1.38629436111989,0.035723364016621,"west"
"507",2.6,0.9555114,9,4,0,1,16,0,81,"white","suburb","single","male","trade","other",0,-0.170673494695908,"west"
"508",6.63,1.891605,15,21,3,2,441,9,225,"white","suburb","married","female","profserv","profocc",1.38629436111989,-0.0205068429988342,"west"
"509",3.5,1.252763,12,31,3,1,961,9,144,"nonwhite","rural","single","female","services","other",1.38629436111989,-0.162654916005454,"west"
"510",6.5,1.871802,12,20,14,3,400,196,144,"white","rural","married","male","trade","other",2.70805020110221,0.0265524150882149,"west"
"511",3,1.098612,12,36,1,0,1296,1,144,"nonwhite","rural","single","female","services","other",0.693147180559945,-0.221772189906234,"west"
"512",4.38,1.477049,13,7,0,1,49,0,169,"nonwhite","rural","married","male","ndurman","other",0,-0.234581902418427,"west"
"513",10,2.302585,12,15,0,1,225,0,144,"white","suburb","single","male","services","profocc",0,0.746763821557686,"other"
"514",4.95,1.599388,7,25,17,5,625,289,49,"white","suburb","married","male","construc","other",2.89037175789616,-0.1072447327057,"other"
"515",9,2.197225,17,7,0,2,49,0,289,"white","suburb","married","female","profserv","profocc",0,0.47301058297659,"other"
"516",1.43,0.3576744,12,17,0,2,289,0,144,"white","suburb","married","female","trade","other",0,-0.774310456350236,"other"
"517",3.08,1.12493,12,3,1,0,9,1,144,"white","suburb","single","male","profserv","profocc",0.693147180559945,-0.506719686429487,"other"
"518",9.33,2.233235,14,12,11,3,144,121,196,"white","suburb","married","male","profserv","profocc",2.484906649788,0.185655163729506,"other"
"519",7.5,2.014903,12,18,5,2,324,25,144,"white","suburb","married","male","trade","other",1.79175946922805,0.386466043987957,"west"
"520",4.75,1.558145,13,47,1,0,2209,1,169,"white","suburb","married","male","trade","other",0.693147180559945,0.216141658912203,"west"
"521",5.65,1.731656,12,2,0,0,4,0,144,"white","suburb","single","male","construc","other",0,0.260461918337926,"west"
"522",15,2.70805,16,14,2,2,196,4,256,"white","suburb","married","female","profserv","profocc",1.09861228866811,0.796510797391024,"west"
"523",2.27,0.8197798,10,2,0,3,4,0,100,"white","suburb","single","female","trade","profocc",0,-0.187673997637565,"west"
"524",4.67,1.541159,15,13,18,3,169,324,225,"white","suburb","married","male","construc","profocc",2.94443897916644,-0.758554337086293,"west"
"525",11.56,2.447551,16,5,1,0,25,1,256,"white","suburb","married","male","ndurman","other",0.693147180559945,0.602896777836521,"west"
"526",3.5,1.252763,14,5,4,2,25,16,196,"nonwhite","suburb","single","female","profserv","clerocc",1.6094379124341,-0.195033499404802,"west"
